[
        {
            "id": 0,
            "name": "common-objects",
            "supercategory": "none"
        },
        {
            "id": 1,
            "name": "airplane",
            "supercategory": "common-objects"
        },
        {
            "id": 2,
            "name": "backpack",
            "supercategory": "common-objects"
        },
        {
            "id": 3,
            "name": "banana",
            "supercategory": "common-objects"
        },
        {
            "id": 4,
            "name": "baseball bat",
            "supercategory": "common-objects"
        },
        {
            "id": 5,
            "name": "baseball glove",
            "supercategory": "common-objects"
        },
        {
            "id": 6,
            "name": "bear",
            "supercategory": "common-objects"
        },
        {
            "id": 7,
            "name": "bed",
            "supercategory": "common-objects"
        },
        {
            "id": 8,
            "name": "bench",
            "supercategory": "common-objects"
        },
        {
            "id": 9,
            "name": "bicycle",
            "supercategory": "common-objects"
        },
        {
            "id": 10,
            "name": "bird",
            "supercategory": "common-objects"
        },
        {
            "id": 11,
            "name": "boat",
            "supercategory": "common-objects"
        },
        {
            "id": 12,
            "name": "book",
            "supercategory": "common-objects"
        },
        {
            "id": 13,
            "name": "bottle",
            "supercategory": "common-objects"
        },
        {
            "id": 14,
            "name": "bowl",
            "supercategory": "common-objects"
        },
        {
            "id": 15,
            "name": "broccoli",
            "supercategory": "common-objects"
        },
        {
            "id": 16,
            "name": "bus",
            "supercategory": "common-objects"
        },
        {
            "id": 17,
            "name": "cake",
            "supercategory": "common-objects"
        },
        {
            "id": 18,
            "name": "car",
            "supercategory": "common-objects"
        },
        {
            "id": 19,
            "name": "carrot",
            "supercategory": "common-objects"
        },
        {
            "id": 20,
            "name": "cat",
            "supercategory": "common-objects"
        },
        {
            "id": 21,
            "name": "cell phone",
            "supercategory": "common-objects"
        },
        {
            "id": 22,
            "name": "chair",
            "supercategory": "common-objects"
        },
        {
            "id": 23,
            "name": "clock",
            "supercategory": "common-objects"
        },
        {
            "id": 24,
            "name": "cup",
            "supercategory": "common-objects"
        },
        {
            "id": 25,
            "name": "dining table",
            "supercategory": "common-objects"
        },
        {
            "id": 26,
            "name": "dog",
            "supercategory": "common-objects"
        },
        {
            "id": 27,
            "name": "donut",
            "supercategory": "common-objects"
        },
        {
            "id": 28,
            "name": "elephant",
            "supercategory": "common-objects"
        },
        {
            "id": 29,
            "name": "fork",
            "supercategory": "common-objects"
        },
        {
            "id": 30,
            "name": "frisbee",
            "supercategory": "common-objects"
        },
        {
            "id": 31,
            "name": "giraffe",
            "supercategory": "common-objects"
        },
        {
            "id": 32,
            "name": "handbag",
            "supercategory": "common-objects"
        },
        {
            "id": 33,
            "name": "horse",
            "supercategory": "common-objects"
        },
        {
            "id": 34,
            "name": "hot dog",
            "supercategory": "common-objects"
        },
        {
            "id": 35,
            "name": "kite",
            "supercategory": "common-objects"
        },
        {
            "id": 36,
            "name": "knife",
            "supercategory": "common-objects"
        },
        {
            "id": 37,
            "name": "laptop",
            "supercategory": "common-objects"
        },
        {
            "id": 38,
            "name": "microwave",
            "supercategory": "common-objects"
        },
        {
            "id": 39,
            "name": "motorcycle",
            "supercategory": "common-objects"
        },
        {
            "id": 40,
            "name": "mouse",
            "supercategory": "common-objects"
        },
        {
            "id": 41,
            "name": "orange",
            "supercategory": "common-objects"
        },
        {
            "id": 42,
            "name": "oven",
            "supercategory": "common-objects"
        },
        {
            "id": 43,
            "name": "person",
            "supercategory": "common-objects"
        },
        {
            "id": 44,
            "name": "pizza",
            "supercategory": "common-objects"
        },
        {
            "id": 45,
            "name": "potted plant",
            "supercategory": "common-objects"
        },
        {
            "id": 46,
            "name": "refrigerator",
            "supercategory": "common-objects"
        },
        {
            "id": 47,
            "name": "remote",
            "supercategory": "common-objects"
        },
        {
            "id": 48,
            "name": "sandwich",
            "supercategory": "common-objects"
        },
        {
            "id": 49,
            "name": "scissors",
            "supercategory": "common-objects"
        },
        {
            "id": 50,
            "name": "sink",
            "supercategory": "common-objects"
        },
        {
            "id": 51,
            "name": "skateboard",
            "supercategory": "common-objects"
        },
        {
            "id": 52,
            "name": "skis",
            "supercategory": "common-objects"
        },
        {
            "id": 53,
            "name": "snowboard",
            "supercategory": "common-objects"
        },
        {
            "id": 54,
            "name": "couch",
            "supercategory": "common-objects"
        },
        {
            "id": 55,
            "name": "spoon",
            "supercategory": "common-objects"
        },
        {
            "id": 56,
            "name": "sports ball",
            "supercategory": "common-objects"
        },
        {
            "id": 57,
            "name": "stop sign",
            "supercategory": "common-objects"
        },
        {
            "id": 58,
            "name": "suitcase",
            "supercategory": "common-objects"
        },
        {
            "id": 59,
            "name": "teddy bear",
            "supercategory": "common-objects"
        },
        {
            "id": 60,
            "name": "tennis racket",
            "supercategory": "common-objects"
        },
        {
            "id": 61,
            "name": "tie",
            "supercategory": "common-objects"
        },
        {
            "id": 62,
            "name": "toilet",
            "supercategory": "common-objects"
        },
        {
            "id": 63,
            "name": "toothbrush",
            "supercategory": "common-objects"
        },
        {
            "id": 64,
            "name": "traffic light",
            "supercategory": "common-objects"
        },
        {
            "id": 65,
            "name": "train",
            "supercategory": "common-objects"
        },
        {
            "id": 66,
            "name": "truck",
            "supercategory": "common-objects"
        },
        {
            "id": 67,
            "name": "tv",
            "supercategory": "common-objects"
        },
        {
            "id": 68,
            "name": "umbrella",
            "supercategory": "common-objects"
        },
        {
            "id": 69,
            "name": "vase",
            "supercategory": "common-objects"
        },
        {
            "id": 70,
            "name": "wine glass",
            "supercategory": "common-objects"
        },
        {
            "id": 71,
            "name": "zebra",
            "supercategory": "common-objects"
        }
    ]