[
        {
            "id": 0,
            "license": 1,
            "file_name": "000000000520_jpg.rf.2000c9025c9c828295018a0cc8a71caf.jpg",
            "height": 640,
            "width": 640,
            "date_captured": "2021-09-29T03:40:46+00:00"
        },
        {
            "id": 1,
            "license": 1,
            "file_name": "000000000089_jpg.rf.0acab9d48db8ad025ec4da0cf4f792ce.jpg",
            "height": 640,
            "width": 640,
            "date_captured": "2021-09-29T03:40:46+00:00"
        },
        {
            "id": 2,
            "license": 1,
            "file_name": "000000000531_jpg.rf.078520b1ee18b68d079af69bee4d3212.jpg",
            "height": 640,
            "width": 640,
            "date_captured": "2021-09-29T03:40:46+00:00"
        },
        {
            "id": 3,
            "license": 1,
            "file_name": "000000000625_jpg.rf.0e177188ac3109667a7e344ddf1ef9c1.jpg",
            "height": 640,
            "width": 640,
            "date_captured": "2021-09-29T03:40:46+00:00"
        },
        {
            "id": 4,
            "license": 1,
            "file_name": "000000000260_jpg.rf.3406ada56cd08c4c821f6b2428240b64.jpg",
            "height": 640,
            "width": 640,
            "date_captured": "2021-09-29T03:40:46+00:00"
        },
        {
            "id": 5,
            "license": 1,
            "file_name": "000000000025_jpg.rf.1cd7f8b3cbde1e4c92258a5d157af929.jpg",
            "height": 640,
            "width": 640,
            "date_captured": "2021-09-29T03:40:46+00:00"
        },
        {
            "id": 6,
            "license": 1,
            "file_name": "000000000605_jpg.rf.2243cba0dd2a7d77b74a832519a2159e.jpg",
            "height": 640,
            "width": 640,
            "date_captured": "2021-09-29T03:40:46+00:00"
        },
        {
            "id": 7,
            "license": 1,
            "file_name": "000000000488_jpg.rf.336d91ec214955f861ce5ae5beaee5b1.jpg",
            "height": 640,
            "width": 640,
            "date_captured": "2021-09-29T03:40:46+00:00"
        },
        {
            "id": 8,
            "license": 1,
            "file_name": "000000000419_jpg.rf.2af68b0f65f2dd9255d2fe607f176646.jpg",
            "height": 640,
            "width": 640,
            "date_captured": "2021-09-29T03:40:46+00:00"
        },
        {
            "id": 9,
            "license": 1,
            "file_name": "000000000597_jpg.rf.1dccfbf71813fc4b80c8316ec25e20a7.jpg",
            "height": 640,
            "width": 640,
            "date_captured": "2021-09-29T03:40:46+00:00"
        },
        {
            "id": 10,
            "license": 1,
            "file_name": "000000000142_jpg.rf.0418079f9653e6c9b56678650c2d45ab.jpg",
            "height": 640,
            "width": 640,
            "date_captured": "2021-09-29T03:40:46+00:00"
        },
        {
            "id": 11,
            "license": 1,
            "file_name": "000000000143_jpg.rf.1165683a0383fc61de0c2f116e430930.jpg",
            "height": 640,
            "width": 640,
            "date_captured": "2021-09-29T03:40:46+00:00"
        },
        {
            "id": 12,
            "license": 1,
            "file_name": "000000000623_jpg.rf.2f47c215886de269776e76cf3da8e313.jpg",
            "height": 640,
            "width": 640,
            "date_captured": "2021-09-29T03:40:46+00:00"
        },
        {
            "id": 13,
            "license": 1,
            "file_name": "000000000192_jpg.rf.2547fa955b67bd40585a3ad188b496b5.jpg",
            "height": 640,
            "width": 640,
            "date_captured": "2021-09-29T03:40:46+00:00"
        },
        {
            "id": 14,
            "license": 1,
            "file_name": "000000000438_jpg.rf.06f640fee763744170309286c89f191c.jpg",
            "height": 640,
            "width": 640,
            "date_captured": "2021-09-29T03:40:46+00:00"
        },
        {
            "id": 15,
            "license": 1,
            "file_name": "000000000415_jpg.rf.3a8322c0d630188aadde7e713470dedb.jpg",
            "height": 640,
            "width": 640,
            "date_captured": "2021-09-29T03:40:46+00:00"
        },
        {
            "id": 16,
            "license": 1,
            "file_name": "000000000092_jpg.rf.3de9b73f59f64e4d8c059502986c5b6e.jpg",
            "height": 640,
            "width": 640,
            "date_captured": "2021-09-29T03:40:46+00:00"
        },
        {
            "id": 17,
            "license": 1,
            "file_name": "000000000030_jpg.rf.36ed4fb6e4cd334d562be97043f147f5.jpg",
            "height": 640,
            "width": 640,
            "date_captured": "2021-09-29T03:40:46+00:00"
        },
        {
            "id": 18,
            "license": 1,
            "file_name": "000000000263_jpg.rf.3864211b16f7fdf172f309f26bb57013.jpg",
            "height": 640,
            "width": 640,
            "date_captured": "2021-09-29T03:40:46+00:00"
        },
        {
            "id": 19,
            "license": 1,
            "file_name": "000000000009_jpg.rf.3b70a3e6273db633c339d670f6de53e0.jpg",
            "height": 640,
            "width": 640,
            "date_captured": "2021-09-29T03:40:46+00:00"
        },
        {
            "id": 20,
            "license": 1,
            "file_name": "000000000036_jpg.rf.09988f8d313c10627fa90ded9688f4c0.jpg",
            "height": 640,
            "width": 640,
            "date_captured": "2021-09-29T03:40:46+00:00"
        },
        {
            "id": 21,
            "license": 1,
            "file_name": "000000000357_jpg.rf.37999c471ddf2b04a6f8d4325d569ea7.jpg",
            "height": 640,
            "width": 640,
            "date_captured": "2021-09-29T03:40:46+00:00"
        },
        {
            "id": 22,
            "license": 1,
            "file_name": "000000000201_jpg.rf.20869b356f18fea434f9acc50df95ec9.jpg",
            "height": 640,
            "width": 640,
            "date_captured": "2021-09-29T03:40:46+00:00"
        },
        {
            "id": 23,
            "license": 1,
            "file_name": "000000000540_jpg.rf.2b0ec0cb29fda1386dbecb496212f27a.jpg",
            "height": 640,
            "width": 640,
            "date_captured": "2021-09-29T03:40:46+00:00"
        },
        {
            "id": 24,
            "license": 1,
            "file_name": "000000000061_jpg.rf.1d5ac4c5afcda4185d87637282fd7d65.jpg",
            "height": 640,
            "width": 640,
            "date_captured": "2021-09-29T03:40:46+00:00"
        },
        {
            "id": 25,
            "license": 1,
            "file_name": "000000000569_jpg.rf.51afc7724d1ecff167d3f445c3a9f964.jpg",
            "height": 640,
            "width": 640,
            "date_captured": "2021-09-29T03:40:46+00:00"
        },
        {
            "id": 26,
            "license": 1,
            "file_name": "000000000387_jpg.rf.42b70c90286cac9836ec48270437a588.jpg",
            "height": 640,
            "width": 640,
            "date_captured": "2021-09-29T03:40:46+00:00"
        },
        {
            "id": 27,
            "license": 1,
            "file_name": "000000000382_jpg.rf.3c2c179976ed026916ae0f8fadee9594.jpg",
            "height": 640,
            "width": 640,
            "date_captured": "2021-09-29T03:40:46+00:00"
        },
        {
            "id": 28,
            "license": 1,
            "file_name": "000000000074_jpg.rf.54232b8c4725fbad877160877c7f39a8.jpg",
            "height": 640,
            "width": 640,
            "date_captured": "2021-09-29T03:40:46+00:00"
        },
        {
            "id": 29,
            "license": 1,
            "file_name": "000000000590_jpg.rf.540a4997bba0b747053c7f84d7a0290a.jpg",
            "height": 640,
            "width": 640,
            "date_captured": "2021-09-29T03:40:46+00:00"
        },
        {
            "id": 30,
            "license": 1,
            "file_name": "000000000595_jpg.rf.31197c2967d2efcd2be383e04f6522a3.jpg",
            "height": 640,
            "width": 640,
            "date_captured": "2021-09-29T03:40:46+00:00"
        },
        {
            "id": 31,
            "license": 1,
            "file_name": "000000000081_jpg.rf.5262c2db56ea4568d7d32def1bde3d06.jpg",
            "height": 640,
            "width": 640,
            "date_captured": "2021-09-29T03:40:46+00:00"
        },
        {
            "id": 32,
            "license": 1,
            "file_name": "000000000077_jpg.rf.51a036e1bf644559960d0b4a153d9f43.jpg",
            "height": 640,
            "width": 640,
            "date_captured": "2021-09-29T03:40:46+00:00"
        },
        {
            "id": 33,
            "license": 1,
            "file_name": "000000000544_jpg.rf.503756e68eabd833a1e1976f6a9a583b.jpg",
            "height": 640,
            "width": 640,
            "date_captured": "2021-09-29T03:40:46+00:00"
        },
        {
            "id": 34,
            "license": 1,
            "file_name": "000000000536_jpg.rf.56dd8a69f9aa1108427077c2ccc53e9e.jpg",
            "height": 640,
            "width": 640,
            "date_captured": "2021-09-29T03:40:46+00:00"
        },
        {
            "id": 35,
            "license": 1,
            "file_name": "000000000394_jpg.rf.465ff7f290bbb6858165d9233b69e621.jpg",
            "height": 640,
            "width": 640,
            "date_captured": "2021-09-29T03:40:46+00:00"
        },
        {
            "id": 36,
            "license": 1,
            "file_name": "000000000072_jpg.rf.48ac8c71bb66b64a09ea24400fe323e1.jpg",
            "height": 640,
            "width": 640,
            "date_captured": "2021-09-29T03:40:46+00:00"
        },
        {
            "id": 37,
            "license": 1,
            "file_name": "000000000436_jpg.rf.5ebfb121c01b10db1c4b44dad2a1d244.jpg",
            "height": 640,
            "width": 640,
            "date_captured": "2021-09-29T03:40:46+00:00"
        },
        {
            "id": 38,
            "license": 1,
            "file_name": "000000000581_jpg.rf.5f7ae2f9c5544ae918e42018a46e7809.jpg",
            "height": 640,
            "width": 640,
            "date_captured": "2021-09-29T03:40:46+00:00"
        },
        {
            "id": 39,
            "license": 1,
            "file_name": "000000000471_jpg.rf.6ac4a1a054837ebfd54c986c5950666c.jpg",
            "height": 640,
            "width": 640,
            "date_captured": "2021-09-29T03:40:46+00:00"
        },
        {
            "id": 40,
            "license": 1,
            "file_name": "000000000400_jpg.rf.60bb6e26a00f6b361ecb140ceb059ad6.jpg",
            "height": 640,
            "width": 640,
            "date_captured": "2021-09-29T03:40:46+00:00"
        },
        {
            "id": 41,
            "license": 1,
            "file_name": "000000000508_jpg.rf.7622e3630aa3d6cd6553cffe4e2ebacd.jpg",
            "height": 640,
            "width": 640,
            "date_captured": "2021-09-29T03:40:46+00:00"
        },
        {
            "id": 42,
            "license": 1,
            "file_name": "000000000349_jpg.rf.6b66a037bf5846931846c73322052e8d.jpg",
            "height": 640,
            "width": 640,
            "date_captured": "2021-09-29T03:40:46+00:00"
        },
        {
            "id": 43,
            "license": 1,
            "file_name": "000000000428_jpg.rf.60651600fe09f0522ab6d70fde8ae233.jpg",
            "height": 640,
            "width": 640,
            "date_captured": "2021-09-29T03:40:46+00:00"
        },
        {
            "id": 44,
            "license": 1,
            "file_name": "000000000650_jpg.rf.7199dc1a9cfb656949790fae9f6111b7.jpg",
            "height": 640,
            "width": 640,
            "date_captured": "2021-09-29T03:40:46+00:00"
        },
        {
            "id": 45,
            "license": 1,
            "file_name": "000000000196_jpg.rf.6f59d3bc3d075422516dd090a3dde794.jpg",
            "height": 640,
            "width": 640,
            "date_captured": "2021-09-29T03:40:46+00:00"
        },
        {
            "id": 46,
            "license": 1,
            "file_name": "000000000360_jpg.rf.69a30e8c08d2cd66bf2601e0b8f66378.jpg",
            "height": 640,
            "width": 640,
            "date_captured": "2021-09-29T03:40:46+00:00"
        },
        {
            "id": 47,
            "license": 1,
            "file_name": "000000000384_jpg.rf.745c49c310c620d435377b7a984e43c7.jpg",
            "height": 640,
            "width": 640,
            "date_captured": "2021-09-29T03:40:46+00:00"
        },
        {
            "id": 48,
            "license": 1,
            "file_name": "000000000629_jpg.rf.6a929821b8ef91af020a15cb260fb459.jpg",
            "height": 640,
            "width": 640,
            "date_captured": "2021-09-29T03:40:46+00:00"
        },
        {
            "id": 49,
            "license": 1,
            "file_name": "000000000490_jpg.rf.7b192a960f0390475ba442de56634765.jpg",
            "height": 640,
            "width": 640,
            "date_captured": "2021-09-29T03:40:46+00:00"
        },
        {
            "id": 50,
            "license": 1,
            "file_name": "000000000164_jpg.rf.63244007509f2dc37f7e6a0614643947.jpg",
            "height": 640,
            "width": 640,
            "date_captured": "2021-09-29T03:40:46+00:00"
        },
        {
            "id": 51,
            "license": 1,
            "file_name": "000000000542_jpg.rf.6f85aa21b3c5ed2609ef3d2f5924f4e9.jpg",
            "height": 640,
            "width": 640,
            "date_captured": "2021-09-29T03:40:46+00:00"
        },
        {
            "id": 52,
            "license": 1,
            "file_name": "000000000133_jpg.rf.7d80fd77e27914ed27dfaf9b3fb4808b.jpg",
            "height": 640,
            "width": 640,
            "date_captured": "2021-09-29T03:40:46+00:00"
        },
        {
            "id": 53,
            "license": 1,
            "file_name": "000000000308_jpg.rf.495b44f968380c1e6fcdc9640622c37a.jpg",
            "height": 640,
            "width": 640,
            "date_captured": "2021-09-29T03:40:46+00:00"
        },
        {
            "id": 54,
            "license": 1,
            "file_name": "000000000620_jpg.rf.7e40983bd42118fd002498c7333ec924.jpg",
            "height": 640,
            "width": 640,
            "date_captured": "2021-09-29T03:40:46+00:00"
        },
        {
            "id": 55,
            "license": 1,
            "file_name": "000000000443_jpg.rf.792de9c6c761624732c6d7148f61fe5c.jpg",
            "height": 640,
            "width": 640,
            "date_captured": "2021-09-29T03:40:46+00:00"
        },
        {
            "id": 56,
            "license": 1,
            "file_name": "000000000309_jpg.rf.7f2a82a45fcce4dcfa604f8f1e524b61.jpg",
            "height": 640,
            "width": 640,
            "date_captured": "2021-09-29T03:40:46+00:00"
        },
        {
            "id": 57,
            "license": 1,
            "file_name": "000000000491_jpg.rf.7c7039a96c71d4e42293deb2d431c8e6.jpg",
            "height": 640,
            "width": 640,
            "date_captured": "2021-09-29T03:40:46+00:00"
        },
        {
            "id": 58,
            "license": 1,
            "file_name": "000000000094_jpg.rf.90e955eec9d54dbaf21738aec48c0d87.jpg",
            "height": 640,
            "width": 640,
            "date_captured": "2021-09-29T03:40:46+00:00"
        },
        {
            "id": 59,
            "license": 1,
            "file_name": "000000000636_jpg.rf.8bf16cac702279ca6cc22ad066bbed3f.jpg",
            "height": 640,
            "width": 640,
            "date_captured": "2021-09-29T03:40:46+00:00"
        },
        {
            "id": 60,
            "license": 1,
            "file_name": "000000000532_jpg.rf.85c3718c745fed07bee2deee9b6dd84e.jpg",
            "height": 640,
            "width": 640,
            "date_captured": "2021-09-29T03:40:46+00:00"
        },
        {
            "id": 61,
            "license": 1,
            "file_name": "000000000634_jpg.rf.91170b82b6bf9a7c1e4765709e87a512.jpg",
            "height": 640,
            "width": 640,
            "date_captured": "2021-09-29T03:40:46+00:00"
        },
        {
            "id": 62,
            "license": 1,
            "file_name": "000000000165_jpg.rf.9106904851b7728be2c6f9bb58f6ac9d.jpg",
            "height": 640,
            "width": 640,
            "date_captured": "2021-09-29T03:40:46+00:00"
        },
        {
            "id": 63,
            "license": 1,
            "file_name": "000000000247_jpg.rf.96ed9a5cb81243c793290ff0cbed6940.jpg",
            "height": 640,
            "width": 640,
            "date_captured": "2021-09-29T03:40:46+00:00"
        },
        {
            "id": 64,
            "license": 1,
            "file_name": "000000000332_jpg.rf.8b6113796d454d816e61099ca6f0ad8d.jpg",
            "height": 640,
            "width": 640,
            "date_captured": "2021-09-29T03:40:46+00:00"
        },
        {
            "id": 65,
            "license": 1,
            "file_name": "000000000562_jpg.rf.912aec908bd5766370c4e4064fa9f837.jpg",
            "height": 640,
            "width": 640,
            "date_captured": "2021-09-29T03:40:46+00:00"
        },
        {
            "id": 66,
            "license": 1,
            "file_name": "000000000294_jpg.rf.a2c8d7f9870f38b464059e9207d40ac6.jpg",
            "height": 640,
            "width": 640,
            "date_captured": "2021-09-29T03:40:46+00:00"
        },
        {
            "id": 67,
            "license": 1,
            "file_name": "000000000643_jpg.rf.95928303363ba93b08603f5f4d712d63.jpg",
            "height": 640,
            "width": 640,
            "date_captured": "2021-09-29T03:40:46+00:00"
        },
        {
            "id": 68,
            "license": 1,
            "file_name": "000000000486_jpg.rf.9743e61b56897c2b52c0edd63cf22ec9.jpg",
            "height": 640,
            "width": 640,
            "date_captured": "2021-09-29T03:40:46+00:00"
        },
        {
            "id": 69,
            "license": 1,
            "file_name": "000000000389_jpg.rf.93afc63dd89ad0949e2d787a31bfce85.jpg",
            "height": 640,
            "width": 640,
            "date_captured": "2021-09-29T03:40:46+00:00"
        },
        {
            "id": 70,
            "license": 1,
            "file_name": "000000000073_jpg.rf.788434d94cbe9f44f12b2c854247aaf7.jpg",
            "height": 640,
            "width": 640,
            "date_captured": "2021-09-29T03:40:46+00:00"
        },
        {
            "id": 71,
            "license": 1,
            "file_name": "000000000446_jpg.rf.aba065ed6500cd7c4e14f400b53a8591.jpg",
            "height": 640,
            "width": 640,
            "date_captured": "2021-09-29T03:40:46+00:00"
        },
        {
            "id": 72,
            "license": 1,
            "file_name": "000000000144_jpg.rf.a661a8ea57a9fa392ad5bf6890e841a2.jpg",
            "height": 640,
            "width": 640,
            "date_captured": "2021-09-29T03:40:46+00:00"
        },
        {
            "id": 73,
            "license": 1,
            "file_name": "000000000321_jpg.rf.9f488631f0f51786840f96f2c749c464.jpg",
            "height": 640,
            "width": 640,
            "date_captured": "2021-09-29T03:40:46+00:00"
        },
        {
            "id": 74,
            "license": 1,
            "file_name": "000000000194_jpg.rf.aa715dd02f1c516bc1fa750c5367a246.jpg",
            "height": 640,
            "width": 640,
            "date_captured": "2021-09-29T03:40:46+00:00"
        },
        {
            "id": 75,
            "license": 1,
            "file_name": "000000000450_jpg.rf.866ab980cc8ca96b1af41d535edfe878.jpg",
            "height": 640,
            "width": 640,
            "date_captured": "2021-09-29T03:40:46+00:00"
        },
        {
            "id": 76,
            "license": 1,
            "file_name": "000000000250_jpg.rf.87e9ac09a0b1fbd80b6f749870ff1a7b.jpg",
            "height": 640,
            "width": 640,
            "date_captured": "2021-09-29T03:40:46+00:00"
        },
        {
            "id": 77,
            "license": 1,
            "file_name": "000000000257_jpg.rf.b5990769384206719f2db5a46e5a6ac5.jpg",
            "height": 640,
            "width": 640,
            "date_captured": "2021-09-29T03:40:46+00:00"
        },
        {
            "id": 78,
            "license": 1,
            "file_name": "000000000459_jpg.rf.c502b52cd1841943706c6ce36c18f9b5.jpg",
            "height": 640,
            "width": 640,
            "date_captured": "2021-09-29T03:40:46+00:00"
        },
        {
            "id": 79,
            "license": 1,
            "file_name": "000000000529_jpg.rf.c5bedf5a46394c735368c80a82419851.jpg",
            "height": 640,
            "width": 640,
            "date_captured": "2021-09-29T03:40:46+00:00"
        },
        {
            "id": 80,
            "license": 1,
            "file_name": "000000000312_jpg.rf.b0a33c1e9036ff58c5391a7b99e79e0d.jpg",
            "height": 640,
            "width": 640,
            "date_captured": "2021-09-29T03:40:46+00:00"
        },
        {
            "id": 81,
            "license": 1,
            "file_name": "000000000514_jpg.rf.c14e49e108c176211d38bc7f39962290.jpg",
            "height": 640,
            "width": 640,
            "date_captured": "2021-09-29T03:40:46+00:00"
        },
        {
            "id": 82,
            "license": 1,
            "file_name": "000000000109_jpg.rf.a370f3eb1d8471b3652431b22d4dd156.jpg",
            "height": 640,
            "width": 640,
            "date_captured": "2021-09-29T03:40:46+00:00"
        },
        {
            "id": 83,
            "license": 1,
            "file_name": "000000000042_jpg.rf.807aaf84b22c112c4c3f5ba35dc19ed4.jpg",
            "height": 640,
            "width": 640,
            "date_captured": "2021-09-29T03:40:46+00:00"
        },
        {
            "id": 84,
            "license": 1,
            "file_name": "000000000584_jpg.rf.caa81fb9279c431b9a6276a8d4cdf45e.jpg",
            "height": 640,
            "width": 640,
            "date_captured": "2021-09-29T03:40:46+00:00"
        },
        {
            "id": 85,
            "license": 1,
            "file_name": "000000000208_jpg.rf.bebf99f5ca7e3d498c8c0351f02efd5d.jpg",
            "height": 640,
            "width": 640,
            "date_captured": "2021-09-29T03:40:46+00:00"
        },
        {
            "id": 86,
            "license": 1,
            "file_name": "000000000368_jpg.rf.b3f2f20f67fc8fe7026f3dad506c1f4c.jpg",
            "height": 640,
            "width": 640,
            "date_captured": "2021-09-29T03:40:46+00:00"
        },
        {
            "id": 87,
            "license": 1,
            "file_name": "000000000626_jpg.rf.c48240bd53e10551dd2d7a9809456454.jpg",
            "height": 640,
            "width": 640,
            "date_captured": "2021-09-29T03:40:46+00:00"
        },
        {
            "id": 88,
            "license": 1,
            "file_name": "000000000241_jpg.rf.89e8e5b74f09112aa8c4ca6c2898376e.jpg",
            "height": 640,
            "width": 640,
            "date_captured": "2021-09-29T03:40:46+00:00"
        },
        {
            "id": 89,
            "license": 1,
            "file_name": "000000000404_jpg.rf.b36918a5b8c19125615ca3ffed87e661.jpg",
            "height": 640,
            "width": 640,
            "date_captured": "2021-09-29T03:40:46+00:00"
        },
        {
            "id": 90,
            "license": 1,
            "file_name": "000000000572_jpg.rf.cae0f1701522f5722ed25b1be7da8ac6.jpg",
            "height": 640,
            "width": 640,
            "date_captured": "2021-09-29T03:40:46+00:00"
        },
        {
            "id": 91,
            "license": 1,
            "file_name": "000000000395_jpg.rf.d4c0ae68810c32f0d2f985d5808a9029.jpg",
            "height": 640,
            "width": 640,
            "date_captured": "2021-09-29T03:40:46+00:00"
        },
        {
            "id": 92,
            "license": 1,
            "file_name": "000000000138_jpg.rf.d124cd265368bddbdde09cc3fb21b722.jpg",
            "height": 640,
            "width": 640,
            "date_captured": "2021-09-29T03:40:46+00:00"
        },
        {
            "id": 93,
            "license": 1,
            "file_name": "000000000612_jpg.rf.a2f835abd79a9d1ccfb40709189c8221.jpg",
            "height": 640,
            "width": 640,
            "date_captured": "2021-09-29T03:40:46+00:00"
        },
        {
            "id": 94,
            "license": 1,
            "file_name": "000000000560_jpg.rf.98797b5d32fa060ee0ca3797e6fd521d.jpg",
            "height": 640,
            "width": 640,
            "date_captured": "2021-09-29T03:40:46+00:00"
        },
        {
            "id": 95,
            "license": 1,
            "file_name": "000000000370_jpg.rf.cd738d3dd20cc593bf8bbb5e7e385f7c.jpg",
            "height": 640,
            "width": 640,
            "date_captured": "2021-09-29T03:40:46+00:00"
        },
        {
            "id": 96,
            "license": 1,
            "file_name": "000000000641_jpg.rf.9abdcc50fcffee637ebcdc874cf9ab61.jpg",
            "height": 640,
            "width": 640,
            "date_captured": "2021-09-29T03:40:46+00:00"
        },
        {
            "id": 97,
            "license": 1,
            "file_name": "000000000474_jpg.rf.a550f3d36eea54e33ef9f17466d913d7.jpg",
            "height": 640,
            "width": 640,
            "date_captured": "2021-09-29T03:40:46+00:00"
        },
        {
            "id": 98,
            "license": 1,
            "file_name": "000000000078_jpg.rf.c970cb816d4171dcdaaaa9c64d3f3855.jpg",
            "height": 640,
            "width": 640,
            "date_captured": "2021-09-29T03:40:46+00:00"
        },
        {
            "id": 99,
            "license": 1,
            "file_name": "000000000127_jpg.rf.cfa6534eb52f33f497a757cb485d24cd.jpg",
            "height": 640,
            "width": 640,
            "date_captured": "2021-09-29T03:40:46+00:00"
        },
        {
            "id": 100,
            "license": 1,
            "file_name": "000000000283_jpg.rf.e985a6558b2e9b93a66b764fc3e502ea.jpg",
            "height": 640,
            "width": 640,
            "date_captured": "2021-09-29T03:40:46+00:00"
        },
        {
            "id": 101,
            "license": 1,
            "file_name": "000000000154_jpg.rf.e45b00bfd21c22ae202b8aaaaba6becb.jpg",
            "height": 640,
            "width": 640,
            "date_captured": "2021-09-29T03:40:46+00:00"
        },
        {
            "id": 102,
            "license": 1,
            "file_name": "000000000307_jpg.rf.e8b9babc34dc0e29b87b91ada0728328.jpg",
            "height": 640,
            "width": 640,
            "date_captured": "2021-09-29T03:40:46+00:00"
        },
        {
            "id": 103,
            "license": 1,
            "file_name": "000000000338_jpg.rf.fa74b856efbf5c41ff565f4e7c267317.jpg",
            "height": 640,
            "width": 640,
            "date_captured": "2021-09-29T03:40:46+00:00"
        },
        {
            "id": 104,
            "license": 1,
            "file_name": "000000000431_jpg.rf.df1077c986e7096956761d4525bbeea2.jpg",
            "height": 640,
            "width": 640,
            "date_captured": "2021-09-29T03:40:46+00:00"
        },
        {
            "id": 105,
            "license": 1,
            "file_name": "000000000034_jpg.rf.fcdc2f6fdc8eb2438083e1f7c5a62ff9.jpg",
            "height": 640,
            "width": 640,
            "date_captured": "2021-09-29T03:40:46+00:00"
        },
        {
            "id": 106,
            "license": 1,
            "file_name": "000000000359_jpg.rf.d17c1e33a85f0d3e3069c238e924a71a.jpg",
            "height": 640,
            "width": 640,
            "date_captured": "2021-09-29T03:40:46+00:00"
        },
        {
            "id": 107,
            "license": 1,
            "file_name": "000000000315_jpg.rf.fdda9518f255e79a9b214d67bee7f8e9.jpg",
            "height": 640,
            "width": 640,
            "date_captured": "2021-09-29T03:40:46+00:00"
        },
        {
            "id": 108,
            "license": 1,
            "file_name": "000000000575_jpg.rf.f34dfa820adb16b28b71072815783a66.jpg",
            "height": 640,
            "width": 640,
            "date_captured": "2021-09-29T03:40:46+00:00"
        },
        {
            "id": 109,
            "license": 1,
            "file_name": "000000000397_jpg.rf.f43f22bd3593b8a0671c0aae91e7132c.jpg",
            "height": 640,
            "width": 640,
            "date_captured": "2021-09-29T03:40:46+00:00"
        },
        {
            "id": 110,
            "license": 1,
            "file_name": "000000000136_jpg.rf.f1e36811da7c8933aa4f22f136ae5944.jpg",
            "height": 640,
            "width": 640,
            "date_captured": "2021-09-29T03:40:46+00:00"
        },
        {
            "id": 111,
            "license": 1,
            "file_name": "000000000149_jpg.rf.f3fb4e1a4161c69e9eb2c8c7efbdeff3.jpg",
            "height": 640,
            "width": 640,
            "date_captured": "2021-09-29T03:40:46+00:00"
        },
        {
            "id": 112,
            "license": 1,
            "file_name": "000000000510_jpg.rf.db708522aefc54b956bc0cda559d235e.jpg",
            "height": 640,
            "width": 640,
            "date_captured": "2021-09-29T03:40:46+00:00"
        },
        {
            "id": 113,
            "license": 1,
            "file_name": "000000000502_jpg.rf.df760466b71fe3bc653e4008beb4ed82.jpg",
            "height": 640,
            "width": 640,
            "date_captured": "2021-09-29T03:40:46+00:00"
        },
        {
            "id": 114,
            "license": 1,
            "file_name": "000000000599_jpg.rf.faf00276687d24ce3f0a3a0e4cfe441f.jpg",
            "height": 640,
            "width": 640,
            "date_captured": "2021-09-29T03:40:46+00:00"
        },
        {
            "id": 115,
            "license": 1,
            "file_name": "000000000110_jpg.rf.fc288ea6aadc0feb076c09507b9712f6.jpg",
            "height": 640,
            "width": 640,
            "date_captured": "2021-09-29T03:40:46+00:00"
        },
        {
            "id": 116,
            "license": 1,
            "file_name": "000000000472_jpg.rf.ef7c7ccdc9a614c6dfe1b5bd8f759818.jpg",
            "height": 640,
            "width": 640,
            "date_captured": "2021-09-29T03:40:46+00:00"
        },
        {
            "id": 117,
            "license": 1,
            "file_name": "000000000151_jpg.rf.eaa0b2aac4b10cd9808113a7ae5bf16f.jpg",
            "height": 640,
            "width": 640,
            "date_captured": "2021-09-29T03:40:46+00:00"
        },
        {
            "id": 118,
            "license": 1,
            "file_name": "000000000049_jpg.rf.f72dc475a3ff11eaf086c96a21ade0e3.jpg",
            "height": 640,
            "width": 640,
            "date_captured": "2021-09-29T03:40:46+00:00"
        },
        {
            "id": 119,
            "license": 1,
            "file_name": "000000000113_jpg.rf.e5dd7d937a2920096fa14ddb6e539763.jpg",
            "height": 640,
            "width": 640,
            "date_captured": "2021-09-29T03:40:46+00:00"
        },
        {
            "id": 120,
            "license": 1,
            "file_name": "000000000064_jpg.rf.decc214d651c670bf69787a5e5a1ba5d.jpg",
            "height": 640,
            "width": 640,
            "date_captured": "2021-09-29T03:40:46+00:00"
        },
        {
            "id": 121,
            "license": 1,
            "file_name": "000000000328_jpg.rf.fa2d35d966da2d16bc14fa0c38909089.jpg",
            "height": 640,
            "width": 640,
            "date_captured": "2021-09-29T03:40:46+00:00"
        },
        {
            "id": 122,
            "license": 1,
            "file_name": "000000000071_jpg.rf.ffa86345b1174a62e0cc6283067feb92.jpg",
            "height": 640,
            "width": 640,
            "date_captured": "2021-09-29T03:40:46+00:00"
        }
    ]